talent,team,year
1003.67,Georgia,2026
985.17,Texas,2026
984.33,Oregon,2026
973.53,Alabama,2026
964.27,Ohio State,2026
953.03,Notre Dame,2026
933,Texas A&M,2026
931.76,LSU,2026
899,USC,2026
891.07,Florida,2026
890.02,Michigan,2026
885.94,Miami,2026
885.9,Tennessee,2026
885.72,Ole Miss,2026
862.87,South Carolina,2026
862.85,Clemson,2026
851.14,Oklahoma,2026
828.19,Auburn,2026
808.36,Missouri,2026
804.53,Mississippi State,2026
800.2,Florida State,2026
787.45,Nebraska,2026
786.65,Kentucky,2026
777.63,Washington,2026
774.45,UCLA,2026
774.04,Penn State,2026
769.12,Virginia Tech,2026
767.89,North Carolina,2026
767.89,Texas Tech,2026
767.68,Wisconsin,2026
764.5,SMU,2026
757.14,NC State,2026
751.92,California,2026
751.65,Georgia Tech,2026
745.61,Syracuse,2026
745.48,Arkansas,2026
739.97,Louisville,2026
735.26,Indiana,2026
731.62,Colorado,2026
730.79,TCU,2026
728.79,Minnesota,2026
727.39,Vanderbilt,2026
723.28,Baylor,2026
722.73,Iowa,2026
722,Arizona State,2026
719.64,Maryland,2026
718.67,Kansas State,2026
709.04,Rutgers,2026
707.6,West Virginia,2026
705.81,Stanford,2026
704.01,Illinois,2026
703.81,South Florida,2026
700.18,Virginia,2026
699.59,Arizona,2026
698.33,Purdue,2026
696.03,UNLV,2026
695.93,Houston,2026
695.72,Utah,2026
689.42,BYU,2026
688.32,Northwestern,2026
685.02,Michigan State,2026
684.51,Kansas,2026
680.87,Wake Forest,2026
675.02,Pittsburgh,2026
672.69,Oklahoma State,2026
672.14,UCF,2026
670.31,Memphis,2026
669.55,Iowa State,2026
668.47,Duke,2026
665.11,Tulane,2026
660,Boston College,2026
655.82,UTSA,2026
652.56,UConn,2026
641.17,Boise State,2026
640.31,Colorado State,2026
635.79,Oregon State,2026
634.28,Cincinnati,2026
634.19,Georgia Southern,2026
633.35,Liberty,2026
631.07,Temple,2026
630.29,Washington State,2026
624.81,Texas State,2026
623.79,East Carolina,2026
622.84,Tulsa,2026
621.61,App State,2026
621.37,Miami (OH),2026
611.52,Western Kentucky,2026
609.75,Fresno State,2026
609.22,San Diego State,2026
607.56,Florida International,2026
606.22,Arkansas State,2026
606.18,UAB,2026
602.83,Jacksonville State,2026
602.63,Southern Miss,2026
602.08,North Texas,2026
596.19,Troy,2026
594.71,Marshall,2026
593.36,Florida Atlantic,2026
590.94,Louisiana,2026
589.89,Rice,2026
588.31,James Madison,2026
585.76,UTEP,2026
580.64,Eastern Michigan,2026
576.77,Charlotte,2026
573.96,Coastal Carolina,2026
573.83,Georgia State,2026
573.38,South Alabama,2026
572.2,Western Michigan,2026
571.5,Middle Tennessee,2026
569.25,San José State,2026
568.33,Bowling Green,2026
568.19,New Mexico,2026
563.88,Ball State,2026
561.42,Sacramento State,2026
556.82,Hawai'i,2026
556.26,Toledo,2026
554.47,Sam Houston,2026
549.99,Nevada,2026
549.92,Missouri State,2026
549.31,Buffalo,2026
546.84,Akron,2026
544.25,Old Dominion,2026
543.98,Utah State,2026
543.02,Louisiana Tech,2026
540.01,Central Michigan,2026
536.58,Northern Illinois,2026
528.29,Wyoming,2026
525.94,Massachusetts,2026
522.84,Ohio,2026
522.83,Kent State,2026
515.59,North Dakota State,2026
505.49,UL Monroe,2026
502.86,Kennesaw State,2026
483.48,Delaware,2026
460.38,New Mexico State,2026
303.83,Army,2026
272.35,Air Force,2026
195.68,Navy,2026
