conference,passingUsage,percentPPA,percentPassingPPA,percentReceivingPPA,percentRushingPPA,receivingUsage,rushingUsage,season,team,totalPPA,totalPassingPPA,totalReceivingPPA,totalRushingPPA,usage
Mountain West,0.994,0.574,1.017,0.127,0.697,0.143,0.636,2026,Air Force,185.9,78.9,14.5,92.4,0.625
Mid-American,0.995,0.918,0.874,0.92,1.022,0.825,0.997,2026,Akron,158.8,38.2,101.7,18.9,0.943
SEC,0.092,0.264,0.123,0.41,-0.669,0.466,0.389,2026,Alabama,120.2,22.2,107,-9.1,0.301
Sun Belt,0.142,0.379,-0.309,0.575,0.85,0.665,0.882,2026,App State,107.7,-22.1,105.5,24.3,0.523
Big 12,0.961,0.649,1.199,0.438,0.603,0.401,0.65,2026,Arizona,202.4,84.9,74.6,42.9,0.686
Big 12,0.002,0.155,0.054,0.305,-0.048,0.279,0.147,2026,Arizona State,37.6,3.4,37,-2.8,0.135
SEC,0.136,0.145,0.187,0.117,0.145,0.272,0.189,2026,Arkansas,65.7,25,24.7,15.9,0.196
Sun Belt,0.007,0.3,0.072,0.542,-2.463,0.628,0.609,2026,Arkansas State,73.9,6,84.5,-16.5,0.389
American Athletic,0.667,0.802,0.626,0.831,0.886,0.467,0.587,2026,Army,168.5,31.5,64.8,72.1,0.586
SEC,0,0.144,0,0.088,0.263,0.087,0.48,2026,Auburn,35.8,0,9.2,26.7,0.196
Mid-American,0,0.057,0,0.319,-1.036,0.293,0.243,2026,Ball State,5.6,0,28.9,-23.3,0.173
Big 12,0.984,0.602,0.777,0.469,0.677,0.325,0.598,2026,Baylor,212.6,90.4,86,36.2,0.651
Mountain West,0.996,0.663,0.943,0.396,1.004,0.348,0.807,2026,Boise State,234.2,92.8,74.4,67,0.734
ACC,0.006,0.156,0.083,0.232,-0.623,0.213,0.078,2026,Boston College,45.8,8.6,41.9,-4.8,0.095
Mid-American,0.23,-0.062,9.4,0.025,0,0.106,0.293,2026,Bowling Green,-7.1,-9.4,2.2,0,0.226
Mid-American,0.007,-0.008,0.094,-0.071,0.09,0.341,0.111,2026,Buffalo,-1.6,5.8,-8.4,1,0.146
Big 12,1,0.785,1,0.513,0.965,0.602,0.998,2026,BYU,284.3,114.6,78.6,91,0.882
ACC,0.972,0.583,0.887,0.43,0,0.311,0.142,2026,California,188.8,104.3,88.9,-4.4,0.53
Mid-American,0.18,0.54,0.092,0.646,1.228,0.615,0.468,2026,Central Michigan,134.9,7.8,84,43.1,0.422
American Athletic,0.887,0.409,1.13,0.158,0.268,0.145,0.308,2026,Charlotte,53.6,41.8,19,-7.2,0.478
Big 12,0.019,0.083,0.035,0.153,0.041,0.086,0.107,2026,Cincinnati,34.8,5.2,25.3,4.4,0.071
ACC,0.175,0.414,0.141,0.712,-0.377,0.658,0.304,2026,Clemson,124.3,14.1,121.4,-11.2,0.373
Sun Belt,0.005,0.154,0.115,0.17,0.161,0.336,0.346,2026,Coastal Carolina,28.4,5.8,17,5.6,0.226
Big 12,0.267,0.137,-0.261,0.386,-0.371,0.494,0.34,2026,Colorado,26.4,-13.2,47.2,-7.6,0.36
Mountain West,0.269,0.396,0.23,0.584,-0.28,0.5,0.139,2026,Colorado State,79.6,12.4,73.2,-6,0.306
Conference USA,0.98,0.849,0.963,0.771,0.877,0.796,0.986,2026,Delaware,299.8,126.1,150.2,23.6,0.917
ACC,0.004,0.171,0.041,0.203,0.432,0.227,0.488,2026,Duke,75.6,6.7,45,23.9,0.22
American Athletic,0,0.136,0,0.195,0.268,0.262,0.158,2026,East Carolina,50.6,0,37.5,13.1,0.136
Mid-American,0.995,0.721,0.974,0.635,0.486,0.501,0.223,2026,Eastern Michigan,228.5,100.3,104.3,23.9,0.587
SEC,0.997,0.691,0.943,0.515,0.893,0.497,0.834,2026,Florida,143,44.7,60.8,37.5,0.79
American Athletic,0.908,0.684,0.934,0.475,1.068,0.459,0.494,2026,Florida Atlantic,266.8,125.1,105.7,36,0.65
Conference USA,0.002,0.316,-0.006,0.489,0.164,0.494,0.339,2026,Florida International,75.2,-0.3,66.6,8.9,0.263
ACC,0.06,0.401,0.125,0.652,0.282,0.548,0.333,2026,Florida State,162.9,13.2,114.2,35.5,0.305
Mountain West,0.005,0.383,0.073,0.695,0.166,0.746,0.712,2026,Fresno State,104.6,7.4,90.3,6.9,0.491
SEC,0.991,0.687,0.997,0.347,0.993,0.327,0.826,2026,Georgia,248.1,120.2,59.4,68.5,0.742
Sun Belt,0.071,0.058,-0.04,0.093,0.066,0.202,0.376,2026,Georgia Southern,19.4,-2.9,17.1,5.2,0.212
Sun Belt,0.403,0.465,0.642,0.276,1.268,0.232,0.188,2026,Georgia State,131.7,62,46.5,23.2,0.286
ACC,0,0.126,0,0.113,0.348,0.137,0.275,2026,Georgia Tech,47.7,0,19,28.7,0.145
Mountain West,0.786,0.645,0.912,0.523,0.211,0.449,0.425,2026,Hawai'i,234.7,123.6,105.5,5.6,0.578
Big 12,0.929,0.812,0.915,0.613,5.226,0.494,0.429,2026,Houston,242.7,106.5,108.5,27.7,0.6
Big Ten,0.005,0.211,0.032,0.313,0.342,0.462,0.833,2026,Illinois,83.5,4.8,63,15.7,0.435
Big Ten,0.005,0.166,0.019,0.241,0.245,0.154,0.175,2026,Indiana,97.9,3.7,63,31.2,0.118
Big Ten,0.087,0.342,0.163,0.559,0.197,0.498,0.556,2026,Iowa,80.4,8.1,55,17.2,0.404
Big 12,0.006,0.017,0.03,-0.002,0.045,0.057,0.028,2026,Iowa State,4.7,2.2,-0.3,2.7,0.029
Conference USA,0.66,0.495,0.76,0.49,0.416,0.293,0.438,2026,Jacksonville State,133.7,31.1,49.2,53.4,0.466
Sun Belt,0.01,0.08,0.093,0.086,0.066,0.176,0.083,2026,James Madison,31,6.1,15.8,9.1,0.079
Big 12,0.071,0.181,-0.015,0.331,0.145,0.344,0.098,2026,Kansas,59.5,-1.5,49.7,11.2,0.162
Big 12,1,0.714,1,0.573,0.606,0.633,0.736,2026,Kansas State,167.8,74.7,71.7,21.5,0.795
Conference USA,0,0.061,0,0.132,-0.038,0.181,0.008,2026,Kennesaw State,23.1,0,26.2,-3.1,0.052
Mid-American,0.85,0.641,1.032,0.452,0.758,0.514,0.229,2026,Kent State,108.3,60.7,52.6,-5,0.516
SEC,0.016,0.193,-0.029,0.345,-0.093,0.406,0.158,2026,Kentucky,43.8,-1.6,48.3,-2.9,0.18
Conference USA,0.828,0.383,0.746,0.211,0.45,0.284,0.221,2026,Liberty,86.9,34.3,25.6,26.9,0.425
Sun Belt,0.9,0.919,1.011,0.924,0.824,0.867,0.361,2026,Louisiana,189.3,46.5,102.1,40.7,0.661
Conference USA,0.829,0.639,0.991,0.439,0.785,0.385,0.312,2026,Louisiana Tech,138.6,53.2,54.7,30.7,0.489
ACC,0,0.348,0,0.182,0.846,0.236,0.608,2026,Louisville,92.3,0,25.9,66.4,0.268
SEC,0.005,0.212,0.132,0.203,0.402,0.16,0.702,2026,LSU,42.9,5.8,26.9,10.2,0.269
Sun Belt,0.935,0.988,1.002,0.914,2.104,0.893,0.551,2026,Marshall,284.6,101.3,161,22.3,0.752
Big Ten,0.953,0.54,0.866,0.264,1.418,0.418,0.73,2026,Maryland,112.3,71.3,31.5,9.5,0.705
Mid-American,0.005,-0.567,-0.365,-0.11,2.209,0.276,0.148,2026,Massachusetts,-3.4,10.4,-4.3,-9.5,0.135
American Athletic,0.002,0.056,0.017,0.111,0,0.107,0,2026,Memphis,20.7,1.2,19.5,0,0.031
ACC,0.02,0.369,0.055,0.449,0.914,0.528,0.904,2026,Miami,167.9,9,103.6,55.3,0.491
Mid-American,0.236,0.139,-0.024,0.13,0.333,0.311,0.315,2026,Miami (OH),31.9,-1.2,17.1,16.1,0.287
Big Ten,0.986,0.692,1.037,0.601,0.589,0.46,0.668,2026,Michigan,212.5,69.8,74.3,68.4,0.711
Big Ten,0.449,0.209,0.162,0.244,0.185,0.183,0.257,2026,Michigan State,52.9,13,33.4,6.5,0.304
Conference USA,0.292,0.325,0.392,0.262,0.601,0.332,0.211,2026,Middle Tennessee,70.8,23.4,36.8,10.7,0.287
Big Ten,0.992,0.649,0.971,0.451,10,0.43,0.559,2026,Minnesota,113.5,61.3,50.3,2,0.679
SEC,0.195,0.339,-0.002,0.279,0.873,0.483,0.514,2026,Mississippi State,109.5,-0.2,47.4,62.3,0.398
SEC,0.238,0.42,-0.023,0.329,0.775,0.429,0.752,2026,Missouri,132.8,-1.5,43.3,91.1,0.502
Conference USA,0.004,0.313,0.053,0.474,-0.032,0.421,0.185,2026,Missouri State,98.9,5.4,94,-0.5,0.192
American Athletic,0.13,0.138,-0.031,0.146,0.194,0.125,0.14,2026,Navy,46.7,-2,14.4,34.3,0.136
ACC,0.974,0.599,0.931,0.26,1.015,0.285,0.549,2026,NC State,233.7,127.4,51.8,54.5,0.622
Big Ten,0.307,0.463,0.052,0.741,0.295,0.612,0.288,2026,Nebraska,146.2,4.1,119.6,22.6,0.392
Mountain West,0.706,0.355,-1.3,0.412,-0.118,0.203,0.39,2026,Nevada,32.3,11.7,25.2,-4.6,0.444
Mountain West,0.968,0.582,0.74,0.432,0.714,0.269,0.454,2026,New Mexico,174.1,65.9,64.3,44,0.573
Conference USA,0.227,0.244,0.401,0.303,0.807,0.303,0.418,2026,New Mexico State,34.2,14.2,38.7,-18.8,0.301
ACC,0.027,0.278,0.095,0.328,0.536,0.439,0.53,2026,North Carolina,46.9,4.8,34,8.1,0.316
Mid-American,0.435,0.437,1.377,0.929,0.289,0.698,0.4,2026,Northern Illinois,35.8,-21.2,41.6,15.3,0.473
American Athletic,0.004,0.025,0.024,0.024,0.028,0.036,0.013,2026,North Texas,13.8,4.4,6.1,3.3,0.017
Big Ten,0.997,0.885,0.939,0.863,0.88,0.89,0.948,2026,Northwestern,198.2,44.9,95.5,57.9,0.948
FBS Independents,0.922,0.512,0.907,0.376,0.123,0.336,0.167,2026,Notre Dame,175.6,105.8,62.4,7.4,0.461
Mid-American,0.997,0.625,0.937,0.168,1.004,0.336,0.998,2026,Ohio,205.6,72.9,24.1,108.5,0.833
Big Ten,0.964,0.683,0.94,0.503,0.549,0.489,0.651,2026,Ohio State,355.9,196.6,131.9,27.5,0.709
SEC,0.933,0.632,0.921,0.416,1.216,0.412,0.849,2026,Oklahoma,181.3,83,73.4,24.8,0.746
Big 12,0,0,0,0,0,0,0,2026,Oklahoma State,0,0,0,0,0
Sun Belt,0.125,0.092,-0.019,0.18,0.098,0.127,0.526,2026,Old Dominion,32.8,-2.5,28.5,6.8,0.306
SEC,0.853,0.503,0.791,0.194,0.838,0.29,0.839,2026,Ole Miss,279.4,167.4,53.1,58.9,0.679
Big Ten,0.98,0.753,0.945,0.635,0.683,0.534,0.485,2026,Oregon,373.3,162.3,141.6,69.4,0.67
Pac-12,0.868,0.579,0.897,0.409,1.437,0.313,0.264,2026,Oregon State,97.3,33,49.5,14.8,0.503
Big Ten,0.003,0.076,0.033,0.145,-0.016,0.106,0.015,2026,Penn State,21.5,2.5,20.1,-1.1,0.035
ACC,0.684,0.397,0.586,0.24,0.672,0.262,0.534,2026,Pittsburgh,149.9,74.5,51.9,23.4,0.505
Big Ten,0.837,0.475,0.97,0.216,0.606,0.231,0.338,2026,Purdue,111.7,55.6,28.6,27.5,0.49
American Athletic,0.149,0.394,-3.17,0.539,0.773,0.141,0.452,2026,Rice,32.7,-16.8,25.3,24.2,0.318
Big Ten,0.031,0.444,0.099,0.545,0.926,0.407,0.792,2026,Rutgers,165,12.7,104.4,47.8,0.407
Conference USA,0.375,0.577,-0.311,0.568,-0.032,0.658,0.565,2026,Sam Houston,38.1,4.2,34.5,-0.6,0.521
Mountain West,1,0.987,1,0.973,1,0.992,1,2026,San Diego State,182.6,20.4,82.8,79.5,0.998
Mountain West,0.133,0.038,-0.076,0.027,0.355,0.059,0.26,2026,San José State,11.2,-7.6,4,14.8,0.137
ACC,0.993,0.569,0.966,0.372,0.009,0.345,0.303,2026,SMU,219.8,144.4,75.1,0.3,0.578
Sun Belt,0.997,0.786,0.951,0.802,0.617,0.806,0.571,2026,South Alabama,180.8,58.7,80,42.1,0.759
SEC,0.907,0.69,0.654,0.672,0.801,0.511,0.567,2026,South Carolina,148.3,28.3,93,27,0.676
Sun Belt,0.998,0.902,0.974,0.819,1.019,0.847,0.908,2026,Southern Miss,289.4,97.7,137.3,54.4,0.921
American Athletic,0.005,0.126,0.058,0.238,-0.007,0.311,0.18,2026,South Florida,55,8.8,46.8,-0.6,0.161
ACC,0.01,0.213,-0.012,0.312,1.346,0.317,0.626,2026,Stanford,47.9,-0.9,45.2,3.5,0.298
ACC,0.526,0.35,0.834,0.2,-0.186,0.106,0.195,2026,Syracuse,80.1,56.2,27.9,-4.1,0.29
Big 12,0.008,0.224,0.11,0.291,0.313,0.381,0.4,2026,TCU,94.3,17.4,68.1,8.7,0.251
American Athletic,0,0.37,0,0.691,0.229,0.629,0.276,2026,Temple,96.1,0,90.6,5.4,0.292
SEC,0.022,0.353,0.066,0.515,0.48,0.598,0.502,2026,Tennessee,186.2,12,121.5,52.7,0.367
SEC,0.979,0.721,0.854,0.55,1.264,0.423,0.278,2026,Texas,187.5,73.6,81.3,32.6,0.58
SEC,0.942,0.728,0.972,0.605,0.681,0.55,0.604,2026,Texas A&M,266.6,102.5,107.1,56.9,0.702
Sun Belt,0.99,0.76,0.998,0.791,0.48,0.739,0.392,2026,Texas State,306.4,121.2,127.9,57.4,0.667
Big 12,0.233,0.534,0.268,0.57,0.988,0.532,0.934,2026,Texas Tech,231.6,41.4,118.1,72.1,0.567
Mid-American,0.856,0.663,0.985,0.584,0.263,0.61,0.257,2026,Toledo,224.9,107.1,103.9,13.8,0.564
Sun Belt,0.964,0.353,1.028,0.116,1.357,0.107,0.522,2026,Troy,75.1,47,18.5,9.5,0.568
American Athletic,0,0.21,0,0.283,0.595,0.325,0.239,2026,Tulane,72.5,0,52.7,19.8,0.185
American Athletic,0.778,0.413,0.693,0.42,0.109,0.237,0.178,2026,Tulsa,89.6,35.7,48.5,5.5,0.4
American Athletic,1,0.796,1,0.735,0.633,0.69,0.852,2026,UAB,245.1,90.2,124,30.9,0.855
Big 12,0.005,0.248,0.039,0.58,-0.168,0.525,0.085,2026,UCF,62.3,2.6,70.3,-10.6,0.196
Big Ten,0.907,0.57,0.547,0.338,0.861,0.274,0.69,2026,UCLA,108.3,17.5,29.3,61.5,0.635
FBS Independents,0.009,0.023,0.032,0.024,-0.001,0.066,0.005,2026,UConn,11.4,6.1,5.3,-0.1,0.027
Sun Belt,0.965,0.387,0.782,0.259,0.157,0.341,0.136,2026,UL Monroe,63.5,34,26.8,2.7,0.458
Mountain West,0.012,0.154,0.038,0.143,0.311,0.288,0.513,2026,UNLV,66.1,4.6,29.4,32.1,0.271
Big Ten,0.956,0.592,0.909,0.269,0.78,0.253,0.732,2026,USC,305.5,178.7,64.3,62.6,0.657
Big 12,0.992,0.679,0.974,0.286,0.827,0.328,0.766,2026,Utah,278.5,107,40.4,131.1,0.715
Mountain West,0.993,0.652,0.866,0.486,0.744,0.421,0.659,2026,Utah State,215,83,79.4,52.6,0.708
Conference USA,0.025,-0.011,0.181,0.153,-0.309,0.145,0.144,2026,UTEP,-0.9,-3.1,10.9,-8.7,0.098
American Athletic,0.993,0.669,0.927,0.606,0.358,0.504,0.57,2026,UTSA,234.1,110.4,100.3,23.5,0.7
SEC,0.061,0.354,0.087,0.501,0.501,0.449,0.501,2026,Vanderbilt,203.3,17.8,126.2,59.3,0.326
ACC,0.004,0.095,0.011,0.087,0.21,0.205,0.205,2026,Virginia,34.9,1.2,14.3,19.3,0.136
ACC,0,0.367,0,0.541,0.308,0.583,0.32,2026,Virginia Tech,94.3,0,67.9,26.4,0.277
ACC,0.012,0.142,0.229,0.131,0.046,0.276,0.102,2026,Wake Forest,44.1,21.1,20,3,0.121
Big Ten,0.943,0.544,0.942,0.342,0.519,0.38,0.355,2026,Washington,228.1,102.1,68.6,57.4,0.571
Pac-12,1,0.913,1,0.847,1,0.917,1,2026,Washington State,228.3,78.7,120.8,28.8,0.975
Conference USA,0.994,0.837,0.951,0.848,0.547,0.78,0.493,2026,Western Kentucky,312.2,99.1,185.2,27.9,0.784
Mid-American,1,0.997,1,1,1,1,1,2026,Western Michigan,155.5,27.1,83.3,45.2,1
Big 12,0.546,0.14,0.624,0.094,-0.035,0.056,0.153,2026,West Virginia,21.1,11.1,10.6,-0.7,0.262
Big Ten,0.519,0.31,-5,0.337,0.318,0.227,0.576,2026,Wisconsin,29.8,-2,24.6,7.1,0.468
Mountain West,0.124,0.23,0.032,0.201,0.807,0.355,0.387,2026,Wyoming,36.8,1.1,21.8,13.8,0.281
