team,new_oc,new_dc,season
Air Force,0,1,2026
Arkansas,1,1,2026
Arkansas State,1,0,2026
Auburn,1,0,2026
BYU,0,1,2026
Boston College,1,1,2026
Bowling Green,1,1,2026
Buffalo,1,1,2026
California,1,1,2026
Cincinnati,1,0,2026
Clemson,1,0,2026
Coastal Carolina,1,1,2026
Colorado,1,0,2026
Colorado State,1,0,2026
East Carolina,1,1,2026
Eastern Michigan,0,1,2026
Florida,1,1,2026
Florida State,1,0,2026
Georgia Southern,0,1,2026
Georgia Tech,1,1,2026
Illinois,0,1,2026
Iowa State,1,1,2026
Jacksonville State,1,0,2026
James Madison,1,1,2026
Kansas State,1,1,2026
Kentucky,1,1,2026
LSU,1,0,2026
Louisiana Tech,1,0,2026
Louisville,0,1,2026
Massachusetts,1,0,2026
Memphis,1,1,2026
Miami (OH),1,0,2026
Michigan,1,1,2026
Middle Tennessee,1,0,2026
Mississippi State,0,1,2026
Missouri,1,0,2026
Missouri State,1,1,2026
Nebraska,0,1,2026
Nevada,1,0,2026
North Carolina,1,0,2026
North Texas,1,1,2026
Northwestern,1,0,2026
Ohio State,1,0,2026
Oklahoma State,1,1,2026
Old Dominion,1,0,2026
Ole Miss,1,1,2026
Oregon,1,1,2026
Oregon State,1,1,2026
Penn State,0,1,2026
Purdue,0,1,2026
Rutgers,0,1,2026
SMU,1,1,2026
San Diego State,0,1,2026
San José State,0,1,2026
South Alabama,0,1,2026
South Carolina,1,0,2026
South Florida,1,1,2026
Southern Miss,1,1,2026
Stanford,1,1,2026
Syracuse,0,1,2026
TCU,1,0,2026
Tennessee,0,1,2026
Texas,0,1,2026
Texas A&M,1,1,2026
Texas State,0,1,2026
Toledo,1,1,2026
Tulane,1,1,2026
Tulsa,1,0,2026
UAB,1,1,2026
UCLA,1,1,2026
UConn,1,1,2026
UL Monroe,1,0,2026
USC,0,1,2026
UTEP,1,0,2026
UTSA,1,0,2026
Utah,0,1,2026
Virginia Tech,1,1,2026
Washington State,1,1,2026
Western Kentucky,1,0,2026
Wyoming,1,0,2026
