event_id,predicted_at,season,week,kickoff,home_team,away_team,neutral_site,exp_home,exp_away,pred_margin,pred_total,home_win_prob,line_spread_home,line_total,book,spread_pick,spread_call,spread_win_prob,total_pick,total_call,total_win_prob,model_version,graded_at,final_home,final_away,act_margin,act_total,close_spread_home,close_total,su_correct,spread_result,total_result
401856766,2026-08-29T15:42:14,2026,1,2026-08-29,TCU,North Carolina,True,30.63,20.0,10.63,52.26,0.7561,-7.5,46.5,DraftKings,HOME,NO BET,0.5,OVER,NO BET,0.5,sig11.35_es0.000_ts0.000,2026-08-29T22:05:24,10.0,15.0,-5.0,25.0,-7.5,46.5,0.0,LOSS,LOSS
401864494,2026-08-29T18:34:55,2026,1,2026-08-29,USC,San José State,False,45.45,14.41,31.04,57.22,0.9721,-38.5,61.5,DraftKings,AWAY,NO BET,0.5,UNDER,NO BET,0.5,sig11.35_es0.000_ts0.000,2026-08-30T01:31:28,42.0,26.0,16.0,68.0,-37.5,61.5,1.0,WIN,LOSS
401858202,2026-08-29T18:34:55,2026,1,2026-08-29,Virginia,NC State,False,30.14,23.7,6.45,53.99,0.6631,-4.0,51.5,DraftKings,HOME,NO BET,0.5,OVER,NO BET,0.5,sig11.35_es0.000_ts0.000,2026-08-30T01:31:28,34.0,8.0,26.0,42.0,-4.0,50.5,1.0,WIN,LOSS
401864577,2026-08-29T18:34:55,2026,1,2026-08-29,North Dakota State,Jacksonville State,False,26.33,28.36,-2.03,54.44,0.4456,-6.5,46.5,DraftKings,AWAY,AVOID,0.5,OVER,AVOID,0.5,sig11.35_es0.000_ts0.000,2026-08-30T01:31:28,33.0,7.0,26.0,40.0,-6.5,46.5,0.0,LOSS,LOSS
401866408,2026-08-29T22:05:18,2026,1,2026-08-29,Eastern Michigan,Sacramento State,False,32.55,21.91,10.64,54.32,0.754,-8.5,52.5,DraftKings,HOME,NO BET,0.5,OVER,NO BET,0.5,sig11.35_es0.000_ts0.000,2026-08-30T13:04:51,28.0,17.0,11.0,45.0,-8.5,52.5,1.0,WIN,LOSS
401858201,2026-08-29T22:05:18,2026,1,2026-08-29,Stanford,Hawai'i,False,27.39,23.42,3.97,52.36,0.6017,-4.5,48.5,DraftKings,AWAY,NO BET,0.5,OVER,NO BET,0.5,sig11.35_es0.000_ts0.000,2026-08-30T13:04:51,37.0,27.0,10.0,64.0,-4.5,48.5,1.0,LOSS,WIN
401864570,2026-08-29T22:05:18,2026,1,2026-08-29,Florida State,New Mexico State,False,39.65,11.94,27.7,52.78,0.9609,-30.5,53.5,DraftKings,AWAY,NO BET,0.5,UNDER,NO BET,0.5,sig11.35_es0.000_ts0.000,2026-08-30T13:04:51,34.0,17.0,17.0,51.0,-31.5,53.5,1.0,WIN,WIN
401862693,2026-08-30T01:31:28,2026,1,2026-08-29,UNLV,Memphis,False,32.76,29.53,3.23,58.53,0.5799,-4.0,55.5,DraftKings,AWAY,NO BET,0.5,OVER,NO BET,0.5,sig11.35_es0.000_ts0.000,2026-08-30T13:04:51,21.0,27.0,-6.0,48.0,-4.0,55.5,0.0,WIN,LOSS
401858423,2026-09-03T21:37:09,2026,1,2026-09-03,Rutgers,Massachusetts,False,46.37,12.01,34.36,56.42,0.9822,-29.5,54.5,DraftKings,HOME,NO BET,0.6403,OVER,NO BET,0.5895,sig11.35_es0.000_ts0.000,2026-09-04T13:08:41,21.0,37.0,-16.0,58.0,-29.5,54.5,0.0,LOSS,WIN
401858204,2026-09-03T21:37:09,2026,1,2026-09-03,Wake Forest,Akron,False,35.82,14.09,21.73,51.87,0.9186,-26.5,50.5,DraftKings,AWAY,NO BET,0.6062,OVER,NO BET,0.5516,sig11.35_es0.000_ts0.000,2026-09-04T13:08:41,38.0,16.0,22.0,54.0,-27.5,50.5,1.0,WIN,WIN
401856776,2026-09-03T21:37:09,2026,1,2026-09-03,Georgia Tech,Colorado,False,33.89,21.54,12.35,54.83,0.7877,-6.5,51.5,DraftKings,HOME,NO BET,0.6523,OVER,NO BET,0.6479,sig11.35_es0.000_ts0.000,2026-09-04T13:08:41,13.0,14.0,-1.0,27.0,-6.5,53.5,0.0,LOSS,LOSS
401858424,2026-09-04T00:39:56,2026,1,2026-09-03,Illinois,UAB,False,43.42,15.75,27.67,56.85,0.9562,-25.5,54.5,DraftKings,HOME,NO BET,0.5653,OVER,NO BET,0.6059,sig11.35_es0.000_ts0.000,2026-09-04T13:08:41,42.0,23.0,19.0,65.0,-25.5,54.5,1.0,LOSS,WIN
401864495,2026-09-04T22:08:20,2026,1,2026-09-04,Eastern Michigan,San José State,False,29.21,27.68,1.53,55.63,0.5389,-1.5,55.5,DraftKings,HOME,NO BET,0.5152,OVER,NO BET,0.5108,sig11.35_es0.000_ts0.000,2026-09-05T13:07:46,21.0,27.0,-6.0,48.0,-1.5,55.5,0.0,LOSS,LOSS
401858429,2026-09-04T22:08:20,2026,1,2026-09-04,Michigan State,Toledo,False,26.02,22.68,3.34,51.22,0.5856,-10.0,48.5,DraftKings,AWAY,NO BET,0.6464,OVER,NO BET,0.6278,sig11.35_es0.000_ts0.000,2026-09-05T13:07:46,30.0,20.0,10.0,50.0,-10.0,48.5,1.0,PUSH,WIN
401856664,2026-09-04T22:08:20,2026,1,2026-09-04,Oklahoma,UTEP,False,40.07,7.87,32.21,50.81,0.9781,-40.5,51.5,DraftKings,AWAY,NO BET,0.6947,UNDER,NO BET,0.5526,sig11.35_es0.000_ts0.000,2026-09-05T13:07:46,51.0,0.0,51.0,51.0,-40.5,51.5,1.0,LOSS,WIN
401858206,2026-09-04T22:08:20,2026,1,2026-09-04,Stanford,Miami,False,15.73,33.32,-17.58,51.41,0.1278,24.5,46.5,DraftKings,HOME,NO BET,0.6812,OVER,NO BET,0.734,sig11.35_es0.000_ts0.000,2026-09-05T13:07:46,6.0,45.0,-39.0,51.0,24.5,46.5,1.0,LOSS,WIN
401858436,2026-09-04T22:08:20,2026,1,2026-09-04,USC,Fresno State,False,36.42,17.81,18.61,54.19,0.8829,-22.5,51.5,DraftKings,AWAY,NO BET,0.5898,OVER,NO BET,0.6137,sig11.35_es0.000_ts0.000,2026-09-05T13:07:46,39.0,0.0,39.0,39.0,-21.5,51.5,1.0,LOSS,LOSS
401856634,2026-09-05T13:07:45,2026,1,2026-09-05,Alabama,East Carolina,False,34.26,17.0,17.26,52.6,0.8685,-27.5,52.5,DraftKings,AWAY,NO BET,0.7457,UNDER,NO BET,0.5275,sig11.35_es0.000_ts0.000,2026-09-05T22:35:30,48.0,10.0,38.0,58.0,-27.5,52.5,1.0,LOSS,LOSS
401856778,2026-09-05T13:07:46,2026,1,2026-09-05,Houston,Oregon State,False,34.84,13.57,21.28,51.06,0.9155,-21.0,50.5,DraftKings,HOME,NO BET,0.4924,OVER,NO BET,0.5141,sig11.35_es0.000_ts0.000,2026-09-05T22:35:30,33.0,20.0,13.0,53.0,-21.0,50.5,1.0,LOSS,WIN
401858425,2026-09-05T13:07:46,2026,1,2026-09-05,Indiana,North Texas,False,48.09,20.43,27.66,61.87,0.9509,-40.5,56.5,DraftKings,AWAY,NO BET,0.7778,OVER,NO BET,0.7262,sig11.35_es0.000_ts0.000,2026-09-05T22:35:30,52.0,16.0,36.0,68.0,-39.5,56.5,1.0,WIN,WIN
401869960,2026-09-05T13:07:46,2026,1,2026-09-05,James Madison,Liberty,False,37.26,17.11,20.15,54.27,0.9001,-6.0,50.5,DraftKings,HOME,NO BET,0.8144,OVER,NO BET,0.659,sig11.35_es0.000_ts0.000,2026-09-05T22:35:30,20.0,13.0,7.0,33.0,-6.0,50.5,1.0,WIN,LOSS
401856780,2026-09-05T13:07:46,2026,1,2026-09-05,West Virginia,Coastal Carolina,False,37.16,19.48,17.69,55.49,0.8694,-21.0,54.5,DraftKings,AWAY,NO BET,0.5678,OVER,NO BET,0.5465,sig11.35_es0.000_ts0.000,2026-09-05T22:35:30,31.0,24.0,7.0,55.0,-21.0,54.5,1.0,WIN,WIN
401858430,2026-09-05T13:07:46,2026,1,2026-09-05,Nebraska,Ohio,False,33.1,16.4,16.7,51.65,0.8632,-23.5,46.5,DraftKings,AWAY,NO BET,0.6602,OVER,NO BET,0.7442,sig11.35_es0.000_ts0.000,2026-09-05T22:35:30,49.0,21.0,28.0,70.0,-23.5,47.5,1.0,LOSS,WIN
401858432,2026-09-05T16:08:33,2026,1,2026-09-05,Ohio State,Ball State,False,45.17,5.45,39.73,52.25,0.992,-49.5,55.5,DraftKings,AWAY,NO BET,0.7373,UNDER,NO BET,0.6621,sig11.35_es0.000_ts0.000,2026-09-05T22:35:30,56.0,3.0,53.0,59.0,-49.5,55.5,1.0,LOSS,LOSS
401858207,2026-09-05T16:08:33,2026,1,2026-09-05,Pittsburgh,Miami (OH),False,34.98,17.75,17.23,53.38,0.8649,-16.5,47.5,DraftKings,HOME,NO BET,0.5364,OVER,NO BET,0.7544,sig11.35_es0.000_ts0.000,2026-09-05T22:35:30,59.0,14.0,45.0,73.0,-16.5,47.5,1.0,WIN,WIN
401856665,2026-09-05T16:08:33,2026,1,2026-09-05,South Carolina,Kent State,False,41.14,10.44,30.7,52.77,0.9746,-35.5,53.5,DraftKings,AWAY,NO BET,0.6126,UNDER,NO BET,0.5403,sig11.35_es0.000_ts0.000,2026-09-05T22:35:30,57.0,0.0,57.0,57.0,-35.5,53.5,1.0,LOSS,LOSS
401856636,2026-09-05T19:07:49,2026,1,2026-09-05,Auburn,Baylor,True,30.56,25.89,4.66,55.39,0.6195,-6.5,58.5,DraftKings,AWAY,NO BET,0.5414,UNDER,NO BET,0.6612,sig11.35_es0.000_ts0.000,2026-09-06T01:33:14,17.0,16.0,1.0,33.0,-6.5,58.5,1.0,WIN,WIN
401856667,2026-09-05T19:07:49,2026,1,2026-09-05,Texas,Texas State,False,41.13,19.21,21.92,57.48,0.9117,-29.5,61.5,DraftKings,AWAY,NO BET,0.6698,UNDER,NO BET,0.6744,sig11.35_es0.000_ts0.000,2026-09-06T01:33:14,59.0,7.0,52.0,66.0,-29.5,60.5,1.0,LOSS,LOSS
401858434,2026-09-05T19:07:49,2026,1,2026-09-05,Penn State,Marshall,False,39.52,16.83,22.68,55.33,0.9233,-23.5,52.5,DraftKings,AWAY,NO BET,0.5103,OVER,NO BET,0.6031,sig11.35_es0.000_ts0.000,2026-09-06T01:33:14,45.0,0.0,45.0,45.0,-23.5,53.5,1.0,LOSS,LOSS
401858209,2026-09-05T19:07:49,2026,1,2026-09-05,Duke,Tulane,False,33.54,25.08,8.46,56.55,0.7016,-8.5,51.5,DraftKings,HOME,NO BET,0.5027,OVER,NO BET,0.7191,sig11.35_es0.000_ts0.000,2026-09-06T01:33:14,17.0,3.0,14.0,20.0,-9.5,51.5,1.0,WIN,LOSS
401856777,2026-09-05T19:07:49,2026,1,2026-09-05,Cincinnati,Boston College,False,34.16,22.6,11.56,55.56,0.7674,-7.0,51.5,DraftKings,HOME,NO BET,0.5955,OVER,NO BET,0.6792,sig11.35_es0.000_ts0.000,2026-09-06T01:33:14,34.0,15.0,19.0,49.0,-7.0,51.5,1.0,WIN,LOSS
401858433,2026-09-05T19:07:49,2026,1,2026-09-05,Oregon,Boise State,False,40.33,15.97,24.36,55.31,0.936,-24.5,51.5,DraftKings,AWAY,NO BET,0.5023,OVER,NO BET,0.6656,sig11.35_es0.000_ts0.000,2026-09-06T01:33:14,34.0,27.0,7.0,61.0,-24.5,52.5,1.0,WIN,WIN
401856772,2026-09-05T19:07:49,2026,1,2026-09-05,Tulsa,Oklahoma State,False,27.18,24.51,2.68,52.83,0.5669,13.5,57.5,DraftKings,HOME,NO BET,0.8475,UNDER,NO BET,0.7172,sig11.35_es0.000_ts0.000,2026-09-06T01:33:14,24.0,10.0,14.0,34.0,13.5,57.5,1.0,WIN,WIN
401858426,2026-09-05T19:07:49,2026,1,2026-09-05,Iowa,Northern Illinois,False,36.18,6.68,29.5,48.08,0.9754,-31.5,44.5,DraftKings,AWAY,NO BET,0.5578,OVER,NO BET,0.6684,sig11.35_es0.000_ts0.000,2026-09-06T01:33:14,40.0,0.0,40.0,40.0,-31.5,44.5,1.0,LOSS,LOSS
401860878,2026-09-05T19:07:49,2026,1,2026-09-05,Colorado State,Wyoming,False,19.92,20.94,-1.02,47.01,0.4723,-3.0,46.5,DraftKings,AWAY,NO BET,0.5595,OVER,NO BET,0.522,sig11.35_es0.000_ts0.000,2026-09-06T01:33:14,35.0,13.0,22.0,48.0,-2.5,46.5,0.0,LOSS,WIN
401856668,2026-09-05T22:35:30,2026,1,2026-09-05,Texas A&M,Missouri State,False,44.6,11.15,33.44,55.01,0.9806,-38.5,53.5,DraftKings,AWAY,NO BET,0.6225,OVER,NO BET,0.5755,sig11.35_es0.000_ts0.000,2026-09-06T13:08:02,50.0,0.0,50.0,50.0,-38.5,53.5,1.0,LOSS,LOSS
401870763,2026-09-05T22:35:30,2026,1,2026-09-05,Troy,Sam Houston,False,33.33,16.18,17.15,51.65,0.8668,-16.5,52.5,DraftKings,HOME,NO BET,0.5305,UNDER,NO BET,0.5735,sig11.35_es0.000_ts0.000,2026-09-06T13:08:02,24.0,21.0,3.0,45.0,-16.5,52.5,1.0,LOSS,WIN
401862699,2026-09-05T22:35:30,2026,1,2026-09-05,South Florida,Florida International,False,42.16,19.95,22.21,58.43,0.9146,-14.5,53.5,DraftKings,HOME,NO BET,0.6849,OVER,NO BET,0.7226,sig11.35_es0.000_ts0.000,2026-09-06T13:08:02,19.0,9.0,10.0,28.0,-14.5,53.5,1.0,LOSS,LOSS
401862695,2026-09-05T22:35:30,2026,1,2026-09-05,Memphis,Arkansas State,False,34.7,18.07,16.64,53.41,0.8608,-10.5,52.5,DraftKings,HOME,NO BET,0.6527,OVER,NO BET,0.516,sig11.35_es0.000_ts0.000,2026-09-06T13:08:02,42.0,24.0,18.0,66.0,-10.5,52.5,1.0,WIN,WIN
401856662,2026-09-05T22:35:30,2026,1,2026-09-05,Mississippi State,UL Monroe,False,40.81,14.39,26.42,54.72,0.95,-28.5,54.5,DraftKings,AWAY,NO BET,0.5487,OVER,NO BET,0.5051,sig11.35_es0.000_ts0.000,2026-09-06T13:08:02,62.0,13.0,49.0,75.0,-28.5,54.5,1.0,LOSS,WIN
401856660,2026-09-05T22:35:30,2026,1,2026-09-05,LSU,Clemson,False,25.24,21.11,4.13,49.96,0.6106,-10.0,49.5,DraftKings,AWAY,NO BET,0.6302,UNDER,NO BET,0.5016,sig11.35_es0.000_ts0.000,2026-09-06T13:08:02,51.0,10.0,41.0,61.0,-10.0,48.5,1.0,LOSS,LOSS
401858428,2026-09-05T22:35:30,2026,1,2026-09-05,Michigan,Western Michigan,False,32.78,11.6,21.18,48.9,0.9183,-27.5,49.5,DraftKings,AWAY,NO BET,0.6648,UNDER,NO BET,0.555,sig11.35_es0.000_ts0.000,2026-09-06T13:08:02,13.0,12.0,1.0,25.0,-27.5,49.5,1.0,WIN,WIN
401856637,2026-09-05T22:35:30,2026,1,2026-09-05,Florida,Florida Atlantic,False,37.6,17.43,20.17,54.62,0.9011,-25.5,59.5,DraftKings,AWAY,NO BET,0.631,UNDER,NO BET,0.7329,sig11.35_es0.000_ts0.000,2026-09-06T13:08:02,66.0,21.0,45.0,87.0,-25.5,59.5,1.0,LOSS,LOSS
401864497,2026-09-06T01:33:11,2026,1,2026-09-05,Hawai'i,UNLV,False,29.56,29.79,-0.22,56.95,0.4958,3.0,55.5,DraftKings,HOME,NO BET,0.5321,OVER,NO BET,0.5708,sig11.35_es0.000_ts0.000,2026-09-06T13:08:02,6.0,21.0,-15.0,27.0,3.0,55.5,1.0,LOSS,LOSS
401864498,2026-09-06T01:33:11,2026,1,2026-09-05,New Mexico,Central Michigan,False,31.36,18.62,12.74,51.91,0.7915,-10.5,47.5,DraftKings,HOME,NO BET,0.5545,OVER,NO BET,0.6972,sig11.35_es0.000_ts0.000,2026-09-06T13:08:02,38.0,7.0,31.0,45.0,-10.5,47.5,1.0,WIN,LOSS
401864432,2026-09-06T01:33:11,2026,1,2026-09-05,Nevada,Western Kentucky,False,23.39,25.61,-2.22,51.38,0.4474,1.5,51.5,DraftKings,AWAY,NO BET,0.5319,UNDER,NO BET,0.5194,sig11.35_es0.000_ts0.000,2026-09-06T13:08:02,49.0,14.0,35.0,63.0,1.5,51.5,0.0,LOSS,LOSS
401858210,2026-09-06T01:33:11,2026,1,2026-09-05,California,UCLA,False,27.37,23.2,4.17,52.23,0.6032,2.5,53.5,DraftKings,HOME,NO BET,0.6389,UNDER,NO BET,0.5692,sig11.35_es0.000_ts0.000,2026-09-06T13:08:02,24.0,45.0,-21.0,69.0,2.5,53.5,0.0,LOSS,LOSS
401858437,2026-09-06T19:35:40,2026,1,2026-09-06,Washington,Washington State,False,33.52,14.54,18.98,50.87,0.8932,-23.5,51.5,DraftKings,AWAY,NO BET,0.6065,UNDER,NO BET,0.5434,sig11.35_es0.000_ts0.000,2026-09-07T13:10:20,24.0,10.0,14.0,34.0,-23.5,51.5,1.0,WIN,WIN
401856661,2026-09-06T23:07:49,2026,1,2026-09-06,Ole Miss,Louisville,True,34.1,23.31,10.79,55.9,0.7512,-6.5,55.5,DraftKings,HOME,NO BET,0.6099,OVER,NO BET,0.5232,sig11.35_es0.000_ts0.000,2026-09-07T13:10:20,41.0,38.0,3.0,79.0,-6.5,55.5,1.0,LOSS,WIN
401858438,2026-09-06T23:07:49,2026,1,2026-09-06,Notre Dame,Wisconsin,True,31.61,13.37,18.24,49.23,0.8884,-21.0,45.5,DraftKings,AWAY,NO BET,0.5564,OVER,NO BET,0.6441,sig11.35_es0.000_ts0.000,2026-09-07T13:10:20,41.0,13.0,28.0,54.0,-21.0,46.5,1.0,LOSS,WIN
401858212,2026-09-07T23:09:03,2026,1,2026-09-07,Florida State,SMU,False,26.57,26.08,0.48,53.35,0.5118,3.0,54.5,DraftKings,HOME,NO BET,0.5462,UNDER,NO BET,0.5547,sig11.35_es0.000_ts0.000,2026-09-08T13:11:58,24.0,27.0,-3.0,51.0,3.0,54.5,0.0,PUSH,WIN
401858214,2026-09-11T23:07:47,2026,2,2026-09-11,Boston College,Rutgers,False,32.57,26.63,5.94,56.87,0.6478,-3.0,53.5,DraftKings,HOME,NO BET,0.5618,OVER,NO BET,0.6546,sig11.35_es0.000_ts0.000,2026-09-12T13:07:56,28.0,21.0,7.0,49.0,-3.0,53.5,1.0,WIN,LOSS
401856678,2026-09-11T23:07:47,2026,2,2026-09-11,Kansas,Missouri,False,25.43,28.39,-2.96,53.97,0.4234,4.0,51.5,DraftKings,HOME,NO BET,0.5119,OVER,NO BET,0.6039,sig11.35_es0.000_ts0.000,2026-09-12T13:07:56,21.0,38.0,-17.0,59.0,4.0,51.5,1.0,LOSS,WIN
401858221,2026-09-12T13:07:55,2026,2,2026-09-12,Virginia Tech,Old Dominion,False,29.32,20.93,8.4,52.05,0.7111,-19.5,47.5,DraftKings,AWAY,NO BET,0.7644,OVER,NO BET,0.7015,sig11.35_es0.000_ts0.000,2026-09-12T22:39:17,44.0,21.0,23.0,65.0,-17.5,47.5,1.0,LOSS,WIN
401856683,2026-09-12T13:07:55,2026,2,2026-09-12,Texas A&M,Arizona State,False,35.01,19.01,16.0,54.08,0.8473,-14.5,50.5,DraftKings,HOME,NO BET,0.5346,OVER,NO BET,0.6515,sig11.35_es0.000_ts0.000,2026-09-12T19:35:54,48.0,20.0,28.0,68.0,-14.5,51.5,1.0,WIN,WIN
401858442,2026-09-12T13:07:55,2026,2,2026-09-12,Temple,Penn State,False,17.64,34.57,-16.92,53.11,0.1367,23.5,51.5,DraftKings,HOME,NO BET,0.6555,OVER,NO BET,0.5617,sig11.35_es0.000_ts0.000,2026-09-12T19:35:54,9.0,27.0,-18.0,36.0,24.5,50.5,1.0,WIN,LOSS
401856679,2026-09-12T13:07:55,2026,2,2026-09-12,Michigan,Oklahoma,False,17.55,22.83,-5.28,46.75,0.3602,5.5,43.5,DraftKings,AWAY,NO BET,0.5011,OVER,NO BET,0.6355,sig11.35_es0.000_ts0.000,2026-09-12T22:39:17,17.0,10.0,7.0,27.0,5.5,43.5,0.0,LOSS,LOSS
401862702,2026-09-12T13:07:55,2026,2,2026-09-12,Army,South Florida,False,26.42,22.85,3.56,51.53,0.5957,-3.5,45.5,DraftKings,HOME,NO BET,0.5015,OVER,NO BET,0.7444,sig11.35_es0.000_ts0.000,2026-09-12T19:35:54,24.0,28.0,-4.0,52.0,-3.0,45.5,0.0,LOSS,WIN
401858224,2026-09-12T13:07:55,2026,2,2026-09-12,Purdue,Wake Forest,False,24.1,27.9,-3.8,53.0,0.4017,3.0,50.5,DraftKings,AWAY,NO BET,0.5101,OVER,NO BET,0.6026,sig11.35_es0.000_ts0.000,2026-09-12T22:39:17,36.0,38.0,-2.0,74.0,3.0,51.5,1.0,LOSS,WIN
401856782,2026-09-12T13:07:55,2026,2,2026-09-12,Oklahoma State,Oregon,False,12.75,38.51,-25.75,52.6,0.0509,23.5,54.5,DraftKings,AWAY,NO BET,0.571,UNDER,NO BET,0.5948,sig11.35_es0.000_ts0.000,2026-09-12T22:39:17,39.0,31.0,8.0,70.0,23.5,54.5,0.0,LOSS,LOSS
401856781,2026-09-12T13:07:55,2026,2,2026-09-12,Kansas State,Washington State,False,33.53,17.54,15.99,52.5,0.8514,-17.5,49.5,DraftKings,AWAY,NO BET,0.5394,OVER,NO BET,0.6261,sig11.35_es0.000_ts0.000,2026-09-12T22:39:17,34.0,7.0,27.0,41.0,-17.5,48.5,1.0,LOSS,LOSS
401864571,2026-09-12T13:07:55,2026,2,2026-09-12,East Carolina,App State,False,34.56,20.95,13.61,54.88,0.8095,-6.5,56.5,DraftKings,HOME,NO BET,0.6823,UNDER,NO BET,0.5933,sig11.35_es0.000_ts0.000,2026-09-12T22:39:17,24.0,27.0,-3.0,51.0,-6.5,55.5,0.0,LOSS,WIN
401856673,2026-09-12T16:37:52,2026,2,2026-09-12,Georgia,Western Kentucky,False,45.27,10.36,34.91,54.94,0.9829,-40.5,55.5,DraftKings,AWAY,NO BET,0.6233,UNDER,NO BET,0.5242,sig11.35_es0.000_ts0.000,2026-09-12T22:39:17,70.0,20.0,50.0,90.0,-40.5,55.5,1.0,LOSS,LOSS
401856790,2026-09-12T16:37:52,2026,2,2026-09-12,Pittsburgh,UCF,False,35.88,25.64,10.24,58.11,0.7397,-7.0,55.5,DraftKings,HOME,NO BET,0.5631,OVER,NO BET,0.6236,sig11.35_es0.000_ts0.000,2026-09-13T01:34:48,12.0,7.0,5.0,19.0,-7.0,55.5,1.0,LOSS,LOSS
401856810,2026-09-12T16:37:52,2026,2,2026-09-12,BYU,Arizona,False,30.66,20.89,9.77,52.75,0.7425,-7.0,48.5,DraftKings,HOME,NO BET,0.5534,OVER,NO BET,0.6907,sig11.35_es0.000_ts0.000,2026-09-13T01:34:48,28.0,17.0,11.0,45.0,-7.0,48.5,1.0,WIN,LOSS
401858217,2026-09-12T16:37:52,2026,2,2026-09-12,Illinois,Duke,False,29.96,24.88,5.08,54.52,0.6296,-6.0,51.5,DraftKings,AWAY,NO BET,0.5033,OVER,NO BET,0.6306,sig11.35_es0.000_ts0.000,2026-09-13T01:34:48,27.0,31.0,-4.0,58.0,-6.5,51.5,0.0,WIN,WIN
401856674,2026-09-12T16:37:52,2026,2,2026-09-12,Kentucky,Alabama,False,19.25,30.77,-11.51,51.93,0.223,8.5,46.5,DraftKings,AWAY,NO BET,0.5847,OVER,NO BET,0.7529,sig11.35_es0.000_ts0.000,2026-09-13T01:34:48,17.0,45.0,-28.0,62.0,8.5,46.5,1.0,WIN,WIN
401858440,2026-09-12T16:37:52,2026,2,2026-09-12,Michigan State,Eastern Michigan,False,36.08,16.65,19.43,53.39,0.8939,-17.5,49.5,DraftKings,HOME,NO BET,0.5493,OVER,NO BET,0.6646,sig11.35_es0.000_ts0.000,2026-09-13T01:34:48,35.0,7.0,28.0,42.0,-17.5,49.5,1.0,WIN,LOSS
401858444,2026-09-12T16:37:52,2026,2,2026-09-12,UConn,Maryland,False,29.2,29.84,-0.63,56.78,0.4838,11.5,52.5,DraftKings,HOME,NO BET,0.7561,OVER,NO BET,0.6707,sig11.35_es0.000_ts0.000,2026-09-13T01:34:48,14.0,38.0,-24.0,52.0,11.5,52.5,1.0,LOSS,LOSS
401858446,2026-09-12T16:37:52,2026,2,2026-09-12,Washington,Utah State,False,39.76,15.68,24.08,54.85,0.9331,-28.5,55.5,DraftKings,AWAY,NO BET,0.606,UNDER,NO BET,0.5292,sig11.35_es0.000_ts0.000,2026-09-13T01:34:48,16.0,14.0,2.0,30.0,-28.5,55.5,1.0,WIN,WIN
401859184,2026-09-12T16:37:52,2026,2,2026-09-12,Notre Dame,Rice,False,46.08,7.01,39.07,53.59,0.991,-44.5,54.5,DraftKings,AWAY,NO BET,0.6285,UNDER,NO BET,0.5454,sig11.35_es0.000_ts0.000,2026-09-12T22:39:17,52.0,0.0,52.0,52.0,-44.5,54.5,1.0,LOSS,WIN
401860884,2026-09-12T16:37:52,2026,2,2026-09-12,Texas State,UTSA,False,34.56,35.28,-0.72,62.58,0.4851,-2.5,65.5,DraftKings,AWAY,NO BET,0.5539,UNDER,NO BET,0.6422,sig11.35_es0.000_ts0.000,2026-09-13T01:34:48,26.0,31.0,-5.0,57.0,-2.5,65.5,1.0,WIN,WIN
401856677,2026-09-12T16:37:53,2026,2,2026-09-12,Minnesota,Mississippi State,False,29.45,29.01,0.44,56.47,0.5092,1.5,54.5,DraftKings,HOME,NO BET,0.532,OVER,NO BET,0.5888,sig11.35_es0.000_ts0.000,2026-09-13T01:34:48,13.0,38.0,-25.0,51.0,-1.5,54.5,0.0,LOSS,LOSS
401858216,2026-09-12T16:37:53,2026,2,2026-09-12,Syracuse,California,False,35.19,24.57,10.62,57.16,0.7499,-3.5,56.5,DraftKings,HOME,NO BET,0.6748,OVER,NO BET,0.5182,sig11.35_es0.000_ts0.000,2026-09-13T01:34:48,18.0,21.0,-3.0,39.0,-3.5,56.5,0.0,LOSS,LOSS
401862708,2026-09-12T16:37:53,2026,2,2026-09-12,UAB,UL Monroe,False,37.91,23.22,14.69,57.9,0.8195,-9.5,54.5,DraftKings,HOME,NO BET,0.6388,OVER,NO BET,0.6522,sig11.35_es0.000_ts0.000,2026-09-12T22:39:17,26.0,20.0,6.0,46.0,-9.5,53.5,1.0,LOSS,LOSS
401862705,2026-09-12T19:35:53,2026,2,2026-09-12,North Texas,UNLV,False,37.22,30.43,6.8,61.41,0.6605,3.0,57.5,DraftKings,HOME,NO BET,0.6983,OVER,NO BET,0.6666,sig11.35_es0.000_ts0.000,2026-09-13T01:34:48,44.0,6.0,38.0,50.0,3.0,57.5,1.0,WIN,LOSS
401856684,2026-09-12T19:35:53,2026,2,2026-09-12,Vanderbilt,Delaware,False,45.7,15.3,30.4,57.83,0.9677,-21.0,54.5,DraftKings,HOME,NO BET,0.7167,OVER,NO BET,0.6549,sig11.35_es0.000_ts0.000,2026-09-13T01:34:48,35.0,26.0,9.0,61.0,-20.5,54.5,1.0,LOSS,WIN
401866418,2026-09-12T19:35:53,2026,2,2026-09-12,Ohio,Jacksonville State,False,31.89,20.73,11.16,53.33,0.7645,-1.5,49.5,DraftKings,HOME,NO BET,0.7512,OVER,NO BET,0.6621,sig11.35_es0.000_ts0.000,2026-09-13T13:08:08,29.0,27.0,2.0,56.0,-1.5,49.5,1,WIN,WIN
401866414,2026-09-12T19:35:54,2026,2,2026-09-12,Florida International,Buffalo,False,27.49,18.36,9.13,49.69,0.7303,-10.0,47.5,DraftKings,AWAY,NO BET,0.4998,OVER,NO BET,0.59,sig11.35_es0.000_ts0.000,2026-09-13T01:34:48,33.0,20.0,13.0,53.0,-8.5,47.5,1.0,LOSS,WIN
401860881,2026-09-12T19:35:54,2026,2,2026-09-12,Boise State,Memphis,False,32.65,25.5,7.15,56.3,0.6755,-9.5,55.5,DraftKings,AWAY,NO BET,0.5479,OVER,NO BET,0.5385,sig11.35_es0.000_ts0.000,2026-09-13T01:34:48,38.0,20.0,18.0,58.0,-9.5,54.5,1.0,LOSS,WIN
401869955,2026-09-12T22:39:16,2026,2,2026-09-12,Kennesaw State,Georgia State,False,32.8,22.04,10.76,54.52,0.7552,-7.0,55.5,DraftKings,HOME,NO BET,0.5746,UNDER,NO BET,0.5403,sig11.35_es0.000_ts0.000,2026-09-13T13:08:08,17.0,31.0,-14.0,48.0,-7.0,55.5,0,LOSS,WIN
401862707,2026-09-12T22:39:16,2026,2,2026-09-12,Sam Houston,Tulsa,False,22.71,27.33,-4.61,51.94,0.3817,12.5,51.5,DraftKings,HOME,NO BET,0.6925,OVER,NO BET,0.51,sig11.35_es0.000_ts0.000,2026-09-13T13:08:08,17.0,23.0,-6.0,40.0,12.5,51.5,1,WIN,LOSS
401858441,2026-09-12T22:39:16,2026,2,2026-09-12,Nebraska,Bowling Green,False,38.65,10.57,28.08,51.5,0.9626,-30.5,49.5,DraftKings,AWAY,NO BET,0.5541,OVER,NO BET,0.5762,sig11.35_es0.000_ts0.000,2026-09-13T13:08:08,56.0,7.0,49.0,63.0,-30.5,48.5,1,LOSS,WIN
401856681,2026-09-12T22:39:16,2026,2,2026-09-12,Georgia Tech,Tennessee,False,28.32,33.02,-4.7,58.02,0.3835,12.5,55.5,DraftKings,HOME,NO BET,0.6833,OVER,NO BET,0.619,sig11.35_es0.000_ts0.000,2026-09-13T13:08:08,24.0,45.0,-21.0,69.0,12.5,55.5,1,LOSS,WIN
401871045,2026-09-12T22:39:16,2026,2,2026-09-12,Marshall,Middle Tennessee,False,34.68,22.16,12.52,55.6,0.791,-12.5,55.5,DraftKings,HOME,NO BET,0.5114,OVER,NO BET,0.5073,sig11.35_es0.000_ts0.000,2026-09-13T13:08:08,28.0,26.0,2.0,54.0,-12.5,55.5,1,LOSS,LOSS
401864575,2026-09-12T22:39:16,2026,2,2026-09-12,Tulane,South Alabama,False,30.75,15.52,15.24,49.91,0.8472,-9.5,48.5,DraftKings,HOME,NO BET,0.6617,OVER,NO BET,0.5658,sig11.35_es0.000_ts0.000,2026-09-13T13:08:08,28.0,24.0,4.0,52.0,-9.5,48.5,1,LOSS,WIN
401858443,2026-09-12T22:39:16,2026,2,2026-09-12,UCLA,San Diego State,False,29.65,20.8,8.85,52.16,0.723,-13.5,53.5,DraftKings,AWAY,NO BET,0.6181,UNDER,NO BET,0.5713,sig11.35_es0.000_ts0.000,2026-09-13T13:08:08,28.0,10.0,18.0,38.0,-13.5,53.5,1,LOSS,WIN
401867796,2026-09-12T22:39:16,2026,2,2026-09-12,LSU,Louisiana Tech,False,34.98,13.87,21.1,51.3,0.9142,-34.5,55.5,DraftKings,AWAY,NO BET,0.8165,UNDER,NO BET,0.6993,sig11.35_es0.000_ts0.000,2026-09-13T13:08:08,45.0,14.0,31.0,59.0,-34.5,55.5,1,WIN,LOSS
401862703,2026-09-12T22:39:16,2026,2,2026-09-12,Florida Atlantic,Navy,False,30.04,37.55,-7.51,61.38,0.3251,4.0,59.5,DraftKings,AWAY,NO BET,0.5715,OVER,NO BET,0.5696,sig11.35_es0.000_ts0.000,2026-09-13T13:08:08,38.0,30.0,8.0,68.0,4.0,59.5,0,LOSS,WIN
401858219,2026-09-12T22:39:16,2026,2,2026-09-12,Clemson,Georgia Southern,False,37.22,19.23,17.99,55.39,0.8705,-19.5,54.5,DraftKings,AWAY,NO BET,0.5235,OVER,NO BET,0.5389,sig11.35_es0.000_ts0.000,2026-09-13T13:08:08,22.0,7.0,15.0,29.0,-19.5,54.5,1,WIN,LOSS
401856788,2026-09-12T22:39:16,2026,2,2026-09-12,Iowa,Iowa State,False,29.11,14.83,14.28,48.66,0.8318,-14.0,42.5,DraftKings,HOME,NO BET,0.4862,OVER,NO BET,0.7793,sig11.35_es0.000_ts0.000,2026-09-13T13:08:08,16.0,13.0,3.0,29.0,-14.0,42.5,1,LOSS,LOSS
401856783,2026-09-12T22:39:16,2026,2,2026-09-12,Oregon State,Texas Tech,False,13.19,36.63,-23.44,51.82,0.0673,25.5,52.5,DraftKings,HOME,NO BET,0.5425,UNDER,NO BET,0.5631,sig11.35_es0.000_ts0.000,2026-09-13T13:08:08,24.0,35.0,-11.0,59.0,25.5,52.5,1,WIN,LOSS
401856682,2026-09-12T22:39:16,2026,2,2026-09-12,Texas,Ohio State,False,24.86,23.23,1.63,50.89,0.5418,-1.5,50.5,DraftKings,HOME,NO BET,0.5181,OVER,NO BET,0.5022,sig11.35_es0.000_ts0.000,2026-09-13T13:08:08,24.0,23.0,1.0,47.0,-2.5,50.5,1,LOSS,LOSS
401856671,2026-09-12T22:39:16,2026,2,2026-09-12,Auburn,Southern Miss,False,35.01,10.78,24.23,49.65,0.9431,-32.5,56.5,DraftKings,AWAY,NO BET,0.7027,UNDER,NO BET,0.8108,sig11.35_es0.000_ts0.000,2026-09-13T13:08:08,43.0,8.0,35.0,51.0,-32.5,56.5,1,LOSS,WIN
401856676,2026-09-12T22:39:16,2026,2,2026-09-12,Ole Miss,Charlotte,False,52.15,10.7,41.45,58.83,0.9926,-44.5,59.5,DraftKings,AWAY,NO BET,0.5625,UNDER,NO BET,0.547,sig11.35_es0.000_ts0.000,2026-09-13T13:08:08,41.0,9.0,32.0,50.0,-44.5,59.5,1,WIN,WIN
401864502,2026-09-13T01:34:47,2026,2,2026-09-12,Air Force,North Dakota State,False,33.02,19.48,13.54,53.26,0.8069,1.5,47.5,DraftKings,HOME,AVOID,0.8254,OVER,AVOID,0.748,sig11.35_es0.000_ts0.000,2026-09-13T13:08:08,32.0,38.0,-6.0,70.0,1.5,47.5,0,LOSS,WIN
401856670,2026-09-13T01:34:47,2026,2,2026-09-12,Utah,Arkansas,False,40.46,23.29,17.17,59.31,0.8554,-12.5,55.5,DraftKings,HOME,NO BET,0.6253,OVER,NO BET,0.6726,sig11.35_es0.000_ts0.000,2026-09-13T13:08:08,43.0,10.0,33.0,53.0,-12.5,55.5,1,WIN,LOSS
401860883,2026-09-13T01:34:47,2026,2,2026-09-12,Fresno State,Sacramento State,False,23.56,17.98,5.58,47.37,0.6485,-17.5,44.5,DraftKings,AWAY,NO BET,0.7969,OVER,NO BET,0.6311,sig11.35_es0.000_ts0.000,2026-09-13T13:08:08,49.0,3.0,46.0,52.0,-17.5,44.5,1,LOSS,WIN
401858445,2026-09-13T01:34:47,2026,2,2026-09-12,USC,Louisiana,False,42.99,14.34,28.66,55.86,0.9629,-30.5,58.5,DraftKings,AWAY,NO BET,0.5353,UNDER,NO BET,0.6408,sig11.35_es0.000_ts0.000,2026-09-13T13:08:08,49.0,30.0,19.0,79.0,-30.5,58.5,1,WIN,LOSS
401864578,2026-09-13T01:34:47,2026,2,2026-09-12,Hawai'i,New Mexico State,False,28.62,21.79,6.83,52.14,0.6767,-7.5,50.5,DraftKings,AWAY,NO BET,0.5247,OVER,NO BET,0.5634,sig11.35_es0.000_ts0.000,2026-09-13T13:08:08,29.0,19.0,10.0,48.0,-7.5,50.5,1,LOSS,LOSS
